{
  "IcoMoonType": "selection",
  "icons": [
    {
      "icon": {
        "paths": [
          "M992 384h-352v-352c0-17.672-14.328-32-32-32h-192c-17.672 0-32 14.328-32 32v352h-352c-17.672 0-32 14.328-32 32v192c0 17.672 14.328 32 32 32h352v352c0 17.672 14.328 32 32 32h192c17.672 0 32-14.328 32-32v-352h352c17.672 0 32-14.328 32-32v-192c0-17.672-14.328-32-32-32z"
        ],
        "tags": [
          "plus",
          "add",
          "sum"
        ],
        "defaultCode": 59914,
        "grid": 16,
        "attrs": []
      },
      "attrs": [],
      "properties": {
        "ligatures": "plus, add",
        "name": "plus",
        "order": 12,
        "id": 267,
        "prevSize": 32,
        "code": 59914
      },
      "setIdx": 6,
      "setId": 1,
      "iconIdx": 266
    },
    {
      "icon": {
        "paths": [
          "M0 416v192c0 17.672 14.328 32 32 32h960c17.672 0 32-14.328 32-32v-192c0-17.672-14.328-32-32-32h-960c-17.672 0-32 14.328-32 32z"
        ],
        "tags": [
          "minus",
          "subtract",
          "minimize",
          "line"
        ],
        "defaultCode": 59915,
        "grid": 16,
        "attrs": []
      },
      "attrs": [],
      "properties": {
        "ligatures": "minus, subtract",
        "name": "minus",
        "order": 13,
        "id": 268,
        "prevSize": 32,
        "code": 59915
      },
      "setIdx": 6,
      "setId": 1,
      "iconIdx": 267
    },
    {
      "icon": {
        "paths": [
          "M704 512v384h64v-384h160l-192-192-192 192z",
          "M64 192h96v64h-96v-64z",
          "M192 192h96v64h-96v-64z",
          "M320 192h64v96h-64v-96z",
          "M64 416h64v96h-64v-96z",
          "M160 448h96v64h-96v-64z",
          "M288 448h96v64h-96v-64z",
          "M64 288h64v96h-64v-96z",
          "M320 320h64v96h-64v-96z",
          "M320 704v192h-192v-192h192zM384 640h-320v320h320v-320z"
        ],
        "tags": [
          "move-up",
          "sort",
          "arrange"
        ],
        "defaultCode": 59974,
        "grid": 16,
        "attrs": []
      },
      "attrs": [],
      "properties": {
        "ligatures": "move-up, sort",
        "name": "move-up",
        "order": 16,
        "id": 327,
        "prevSize": 32,
        "code": 59974
      },
      "setIdx": 6,
      "setId": 1,
      "iconIdx": 326
    },
    {
      "icon": {
        "paths": [
          "M768 704v-384h-64v384h-160l192 192 192-192z",
          "M320 256v192h-192v-192h192zM384 192h-320v320h320v-320z",
          "M64 640h96v64h-96v-64z",
          "M192 640h96v64h-96v-64z",
          "M320 640h64v96h-64v-96z",
          "M64 864h64v96h-64v-96z",
          "M160 896h96v64h-96v-64z",
          "M288 896h96v64h-96v-64z",
          "M64 736h64v96h-64v-96z",
          "M320 768h64v96h-64v-96z"
        ],
        "tags": [
          "move-down",
          "sort",
          "arrange"
        ],
        "defaultCode": 59975,
        "grid": 16,
        "attrs": []
      },
      "attrs": [],
      "properties": {
        "ligatures": "move-down, sort2",
        "name": "move-down",
        "order": 17,
        "id": 328,
        "prevSize": 32,
        "code": 59975
      },
      "setIdx": 6,
      "setId": 1,
      "iconIdx": 327
    }
  ],
  "height": 1024,
  "metadata": {
    "name": "icomoon"
  },
  "preferences": {
    "showGlyphs": true,
    "showQuickUse": true,
    "showQuickUse2": true,
    "showSVGs": true,
    "fontPref": {
      "prefix": "icon-",
      "metadata": {
        "fontFamily": "icomoon"
      },
      "metrics": {
        "emSize": 1024,
        "baseline": 6.25,
        "whitespace": 50
      },
      "embed": false
    },
    "imagePref": {
      "prefix": "icon-",
      "png": true,
      "useClassSelector": true,
      "color": 0,
      "bgColor": 16777215,
      "classSelector": ".icon",
      "autoHost": true
    },
    "historySize": 100,
    "showCodes": true,
    "gridSize": 16,
    "quickUsageToken": {
      "UntitledProject": "N2VhN2NhOWY0YmRjZWI0M2E3MzdiMWYwZTg4ZmRhOGYjMSMxNDcxNTA4MjgzIyMj"
    }
  }
}